-- Populate Your Tables Here --
-- categories
INSERT INTO category(id, parent, names) VALUES ('480939b6-95ce-430f-b30a-7d7c5e5a9c88',NULL,'Vehicles');
INSERT INTO category(id, parent, names) VALUES ('700e982d-15fb-4f2e-a9c0-6629d16730fd','480939b6-95ce-430f-b30a-7d7c5e5a9c88','Cars');
INSERT INTO category(id, parent, names) VALUES ('c082f693-dc37-47f3-8f01-7bc11c957594','480939b6-95ce-430f-b30a-7d7c5e5a9c88','Motorcycles');
INSERT INTO category(id, parent, names) VALUES ('add85f35-0199-4856-9dd6-324768eebdf3','480939b6-95ce-430f-b30a-7d7c5e5a9c88','RVs');
INSERT INTO category(id, parent, names) VALUES ('9d71dcc0-92bd-4105-ae08-45bac3da819a','480939b6-95ce-430f-b30a-7d7c5e5a9c88','Boats');
INSERT INTO category(id, parent, names) VALUES ('882b7132-c340-4d77-bcf1-3522b86526a8',NULL,'Apparel');
INSERT INTO category(id, parent, names) VALUES ('e2af758a-0c87-4710-a611-14a9ecbccc9a','882b7132-c340-4d77-bcf1-3522b86526a8','Clothing');
INSERT INTO category(id, parent, names) VALUES ('006915ba-51c1-4bb5-bcfe-5f45e59a5c3a','882b7132-c340-4d77-bcf1-3522b86526a8','Accessories');
INSERT INTO category(id, parent, names) VALUES ('3ad197ef-07ff-4ef3-8d57-4d8d1771fe01','882b7132-c340-4d77-bcf1-3522b86526a8','Shoes');
INSERT INTO category(id, parent, names) VALUES ('51a044c1-02bd-4ffa-9cc2-a44607c0c16e',NULL,'Electronics');
INSERT INTO category(id, parent, names) VALUES ('9c33bf00-e7b9-45a3-b910-9a53e1517c6d','51a044c1-02bd-4ffa-9cc2-a44607c0c16e','Computers');
INSERT INTO category(id, parent, names) VALUES ('7f6795b4-92a6-4030-b35d-f3d093f39fee','51a044c1-02bd-4ffa-9cc2-a44607c0c16e','Cellphones');
INSERT INTO category(id, parent, names) VALUES ('4554e2ab-c238-4b99-a4fc-f132c4a6b4f6','51a044c1-02bd-4ffa-9cc2-a44607c0c16e','TVs');
INSERT INTO category(id, parent, names) VALUES ('dfdd0784-ed34-4eb8-9259-728cec089642',NULL,'Sporting Goods');
INSERT INTO category(id, parent, names) VALUES ('2adb69f4-9529-4991-b502-af060ceb6295','dfdd0784-ed34-4eb8-9259-728cec089642','Sports Equipment');
INSERT INTO category(id, parent, names) VALUES ('ac13a949-5aac-4960-b192-d0afddd21783','dfdd0784-ed34-4eb8-9259-728cec089642','Camping');

-- users
INSERT INTO member(id, member) VALUES ('fd4e8e32-bef3-41c0-b111-61f695ea3912','{"name":"Jason Bourne", "password":"$2b$04$yYw78cmFe/VQhKDFWG4HG.LZLIPOVR5w0z/7/7MSM9ngWpaflFygO", "email":"jasonbourne@gmail.com", "picture":"https://hips.hearstapps.com/digitalspyuk.cdnds.net/16/26/1467271634-jason-bourne-still.jpg"}');
INSERT INTO member(id, member) VALUES ('59599566-32d7-4cff-a293-48178ff58876','{"name":"Superman", "password":"$2b$04$9Rk7QXhcI6h0uYkLeTahp.s0VCV8jQmV7Nj0Dc2VEKtv5pCEfip0u", "email":"supermane@gmail.com", "picture":"https://i5.walmartimages.com/asr/06ea30e9-7f6b-47d2-8a4b-cc359c721bd7_1.55ae179dda2e13751a3ee2edb1641be0.jpeg?odnHeight=612&odnWidth=612&odnBg=FFFFFF"}');
INSERT INTO member(id, member) VALUES ('ff761662-3505-4fcf-b44d-e7307bb586c6','{"name":"David Harrison", "password":"$2b$04$e17gHnkUDwGrE1A.PdCyG.jh8pMW26jWkKEkqz2IDylWp2HFRRqae", "email":"davidharrison@gmail.com", "picture":"https://engineering.ucsc.edu/people/dcharris/photo/1"}');

-- listings
INSERT INTO listing(id, categoryID, memberID, filterType, listings) VALUES ('da01bf73-a3f1-42ae-8203-f4835585671b','700e982d-15fb-4f2e-a9c0-6629d16730fd','fd4e8e32-bef3-41c0-b111-61f695ea3912','Grey','{"title":"really cool car","content":"it''s really cool","summary":"this is a really cool car. You should consider buying this car. Because it is super cool.","price":"$1,000","createDate":"November 23, 2021","images":[{"link":"https://upload.wikimedia.org/wikipedia/commons/b/b1/Beater_Nissan.jpg"}, {"link": "https://render.fineartamerica.com/images/rendered/default/flat/puzzle/images/artworkimages/medium/1/jalopy-skip-hunt.jpg?&targetx=-77&targety=0&imagewidth=1154&imageheight=750&modelwidth=1000&modelheight=750&backgroundcolor=716626&orientation=0&producttype=puzzle-18-24&brightness=253&v=6"}, {"link": "https://encrypted-tbn0.gstatic.com/images?q=tbn:ANd9GcT_-rv4Zn6HB7r37LXAmAgDhGjmvqto9Om_DA&usqp=CAU"}]}');
INSERT INTO listing(id, categoryID, memberID, filterType, listings) VALUES ('101e6e3f-f843-4984-95f8-c6305162b1cd','c082f693-dc37-47f3-8f01-7bc11c957594','fd4e8e32-bef3-41c0-b111-61f695ea3912','Blue','{"title":"real motorcycle","content":"this is not a scam","summary":"This is 100% a real motorcycle. you can see from the image. its really real.","price":"$100,000,000","createDate":"November 03, 2021","images":[{"link":"https://moneyinc.com/wp-content/uploads/2021/04/Futuristic-Motorcycle-Concepts-750x563.jpg"}]}');
INSERT INTO listing(id, categoryID, memberID, filterType, listings) VALUES ('61d21627-0c63-4b85-9ae1-c7b668009348','e2af758a-0c87-4710-a611-14a9ecbccc9a','59599566-32d7-4cff-a293-48178ff58876','Mens','{"title":"grey shirt","content":"it''s a grey shirt","summary":"just a grey shirt, never worn. not much else to put here.","price":"$3","createDate":"November 22, 2021","images":[{"link":"https://media.istockphoto.com/photos/grey-shirt-design-template-picture-id1136907894?k=20&m=1136907894&s=170667a&w=0&h=mBacJ40Wo_3XOH5_IO0r0CFQmJEg0aeQA4kFdMxUjfI="}]}');
INSERT INTO listing(id, categoryID, memberID, filterType, listings) VALUES ('91bc30cf-186e-4de8-a4c1-37a1449059c7','006915ba-51c1-4bb5-bcfe-5f45e59a5c3a','ff761662-3505-4fcf-b44d-e7307bb586c6','Womens','{"title":"gold necklace","content":"it is made out of gold","summary":"this is a gold necklace from walmart, it has been slightly worn. other than a few scratches here or there it is pretty much brand new.","price":"$582","createDate":"November 23, 2021","images":[{"link":"https://slimages.macysassets.com/is/image/MCY/products/4/optimized/884154_fpx.tif?op_sharpen=1&wid=700&hei=855&fit=fit,1"}]}');
INSERT INTO listing(id, categoryID, memberID, filterType, listings) VALUES ('06b1d5db-443e-404e-a26c-fb0f11316b5f','9c33bf00-e7b9-45a3-b910-9a53e1517c6d','ff761662-3505-4fcf-b44d-e7307bb586c6','Apple','{"title":"macbook tree fiddy","content":"this mac book is poppin","summary":"Im not sure if this is new or old, but just buy it, I  really need the $$$$!","price":"$350","createDate":"December 03, 2021","images":[{"link":"https://www.imore.com/sites/imore.com/files/styles/large_wm_brw/public/field/image/2021/11/macbook-pro-2021-review-portrait-review.jpeg"}]}');
INSERT INTO listing(id, categoryID, memberID, filterType, listings) VALUES ('52bdb4ae-a817-456d-9fd8-50425dd82c3b','7f6795b4-92a6-4030-b35d-f3d093f39fee','ff761662-3505-4fcf-b44d-e7307bb586c6','Samsung','{"title":"samsung universe tree fiddy","content":"samsung better than iphone","summary":"Samsung is greater than apple, those who say otherwise are all lies.","price":"$50","createDate":"December 03, 2021","images":[{"link":"https://media.wired.com/photos/59327ab69be5e55af6c255b4/master/w_1600,c_limit/SM-G920F_026_Combination-1_Black_Sapphire.jpg"}]}');
INSERT INTO listing(id, categoryID, memberID, filterType, listings) VALUES ('7d3f2168-3689-4a22-bbd7-d5ff398b336a','ac13a949-5aac-4960-b192-d0afddd21783','ff761662-3505-4fcf-b44d-e7307bb586c6','Used','{"title":"old camping tent","content":"just a dirty old tent","summary":"Nothing to see here, just an old swanky and danky tent. Slept many nights / lived in this thing","price":"$3","createDate":"December 01, 2021","images":[{"link":"https://vpo.ca/images/product/large/322591.jpg"}]}');
INSERT INTO listing(id, categoryID, memberID, filterType, listings) VALUES ('d36b5c6d-eafb-4f46-8f7e-e4dcaed7f630','add85f35-0199-4856-9dd6-324768eebdf3','ff761662-3505-4fcf-b44d-e7307bb586c6','White','{"title":"Old Smelly RV","content":"This RV is rancid","summary":"You dont want to know what type of stuff took place in this RV, so I wont talk about it. Its cheap and dingy, make me an offer.","price":"$30000","createDate":"December 02, 2021","images":[{"link":"https://www.paloaltoonline.com/news/photos/2019/may/3/76426_full.jpg"}]}');
INSERT INTO listing(id, categoryID, memberID, filterType, listings) VALUES ('fefab255-5161-48ca-babc-31bfeed3df8e','3ad197ef-07ff-4ef3-8d57-4d8d1771fe01','59599566-32d7-4cff-a293-48178ff58876','Mens','{"title":"some dope sneakers","content":"these sneakers are fresh","summary":"These sneakers are super exclusive jumpman hype beasts, buy today","price":"$300000","createDate":"November 29, 2021","images":[{"link":"https://www.chatelaine.com/wp-content/uploads/2020/05/how-to-clean-white-sneakers-converse.jpg"}]}');
INSERT INTO listing(id, categoryID, memberID, filterType, listings) VALUES ('e556ea7e-8d74-4020-ab0b-fd3e8065a523','4554e2ab-c238-4b99-a4fc-f132c4a6b4f6','59599566-32d7-4cff-a293-48178ff58876','Sony','{"title":"Theatre Quality TV","content":"Super Smart TV","summary":"This tv is such high quality, its like real life, so many megapixels omg","price":"$830","createDate":"November 29, 2021","images":[{"link":"https://www.the-sun.com/wp-content/uploads/sites/6/2021/04/NINTCHDBPICT000377559478.jpg"}]}');
INSERT INTO listing(id, categoryID, memberID, filterType, listings) VALUES ('0f071416-3871-410b-84c4-b489aa28b08d','2adb69f4-9529-4991-b502-af060ceb6295','59599566-32d7-4cff-a293-48178ff58876','New','{"title":"Brand Newish Futbol","content":"Futbol or soccer for the uncultured","summary":"This ball was kicked around a few times and went flat, so Im selling it new.","price":"$80","createDate":"November 30, 2021","images":[{"link":"https://cdn.vox-cdn.com/thumbor/RvDaA2vSnjzTL_6zR5dXqN7avnA=/0x0:800x450/1820x1213/filters:focal(401x103:529x231):format(webp)/cdn.vox-cdn.com/uploads/chorus_image/image/69151294/NCAA_soccer.0.jpg"}]}');
INSERT INTO listing(id, categoryID, memberID, filterType, listings) VALUES ('70bd9eeb-b33c-4fac-8683-7fb7028617b7','9d71dcc0-92bd-4105-ae08-45bac3da819a','59599566-32d7-4cff-a293-48178ff58876','New','{"title":"Sweet Boat","content":"Boat is sweet","summary":"This boatt will get you from point A to point B, but only if point A and B are in water.","price":"$8000","createDate":"November 30, 2021","images":[{"link":"https://cdn.britannica.com/w:400,h:300,c:crop/25/123125-050-8E6C8227/rowboat.jpg"}]}');
-- filter
INSERT INTO filter(id, parent, names, attributes) VALUES ('480939b6-95ce-430f-b30a-7d7c5e5a9c88',NULL,'Vehicles', NULL);
INSERT INTO filter(id, parent, names, attributes) VALUES ('bd03c850-a20e-46f7-a02b-4016fa7084fd','480939b6-95ce-430f-b30a-7d7c5e5a9c88','Vehicle Color', '{"color1":"White","color2":"Grey","color3":"Black", "color4":"Red","color5":"Blue"}');
INSERT INTO filter(id, parent, names, attributes) VALUES ('882b7132-c340-4d77-bcf1-3522b86526a8',NULL,'Apparel', NULL);
INSERT INTO filter(id, parent, names, attributes) VALUES ('0fab243a-744c-4cd7-b0f2-7a1a3afd5197','882b7132-c340-4d77-bcf1-3522b86526a8','Apparel Type', '{"type1":"Mens","type2":"Womens"}');
INSERT INTO filter(id, parent, names, attributes) VALUES ('51a044c1-02bd-4ffa-9cc2-a44607c0c16e',NULL,'Electronics', NULL);
INSERT INTO Filter(id, parent, names, attributes) VALUES ('6ee3737d-e0fa-4308-ba35-f1c65f5c2f2e','51a044c1-02bd-4ffa-9cc2-a44607c0c16e','Electronics Brand', '{"brand1":"Sony","brand2":"Samsung","brand3":"Apple"}');
INSERT INTO filter(id, parent, names, attributes) VALUES ('dfdd0784-ed34-4eb8-9259-728cec089642',NULL,'Sporting Goods', NULL);
INSERT INTO filter(id, parent, names, attributes) VALUES ('610e2636-0cbf-4c8e-ac8c-588650756572','dfdd0784-ed34-4eb8-9259-728cec089642','Condition', '{"conition1":"New","condition2":"Used"}');
